,Name,RA,DEC,SpT,Teff,logg,Fe_H,ref_name
0,G141-29,280.687411,13.90464682,M4.0,3417.0,4.86,0.07,arXiv:2010.14867/Table_A1
1,Ross 439,142.2221994,-7.37105786,M2.5V,3496.0,4.909999847412109,0.0,J/A+A/615/A6/tablea1
2,GL 109,41.06462,25.52336,dM3,3405.0,4.849999904632568,-0.10000000149011612,J/ApJ/836/77/table6
3,Gl87,33.08744774,3.5756196000000005,M2.0,3568.0,4.81,-0.11,arXiv:2010.14867/Table_A1
4,StKM 1-2065,343.99935659,17.81105534,M1.0V,3824.0,4.699999809265137,0.07000000029802322,J/A+A/615/A6/tablea1
5,GJ4057,276.26997638,24.63457793,M0.0,3876.0,4.7,-0.19,arXiv:2010.14867/Table_A1
6,HIP 115562,351.12714,57.85431,M1.5Ve,3764.0,4.739999771118164,0.3100000023841858,J/ApJ/836/77/table6
7,GL 896A,352.96738,19.93729,M3.5Ve,3353.0,4.789999961853027,0.029999999329447746,J/ApJ/836/77/table6
8,GJ1065,57.68453834,-6.0948972,M3.5,3331.0,5.08,-0.25,arXiv:2010.14867/Table_A1
9,GJ 1289,355.7763,36.53698,dM4.0,3256.0,5.090000152587891,-0.03999999910593033,J/A+A/625/A68/tableb1
10,Gl581,229.86177972,-7.72227527,M3.0,3417.0,4.94,-0.18,arXiv:2010.14867/Table_A1
11,GJ 3992,257.89478,38.44275,dM3.5,3426.0,4.96999979019165,0.009999999776482582,J/A+A/625/A68/tableb1
12,HD 216899,344.14502,16.55343,M1.5Ve,3713.0,4.71999979019165,0.05999999865889549,J/ApJ/836/77/table6
13,GJ162,62.155829000000004,33.63703684,M0.5,3759.0,4.76,-0.19,arXiv:2010.14867/Table_A1
14,V1352 Ori,85.53861374,12.48933659,M4.0V,3310.0,5.050000190734863,0.03999999910593033,J/A+A/615/A6/tablea1
15,Ross 603,96.933178,9.3983223,M2.0V,3534.0,4.920000076293945,-0.11999999731779099,J/A+A/615/A6/tablea1
16,GL 686,264.47228,18.59171,M1.5Ve,3657.0,4.829999923706055,-0.25,J/ApJ/836/77/table6
17,Ross 863,256.78120789,21.55401921,M3.0V,3482.0,4.940000057220459,-0.05000000074505806,J/A+A/615/A6/tablea1
18,Gl 399,159.91902,-6.92375,dM2.5,3554.0,4.880000114440918,-0.019999999552965164,J/A+A/625/A68/tableb1
19,Gl 192,78.17594,19.66565,dM2.0,3582.0,4.900000095367432,-0.12999999523162842,J/A+A/625/A68/tableb1
20,GJ361,145.29316821,13.20956246,M2.0,3619.0,4.79,-0.13,arXiv:2010.14867/Table_A1
21,Wolf 953,329.35930905,8.1372011,M1.5V,3858.0,4.619999885559082,0.3400000035762787,J/A+A/615/A6/tablea1
22,GJ412A,166.36907492,43.5267754,M0.5,3634.0,4.87,-0.37,arXiv:2010.14867/Table_A1
23,GL 806,311.26708,44.49907,M2V,3542.0,4.78000020980835,-0.15000000596046448,J/ApJ/836/77/table6
24,LHS3799,335.77915456,-17.60731501,M4.0,3489.0,4.75,0.21,arXiv:2010.14867/Table_A1
25,Gl 96,35.56102,47.88003,dM0.5,3935.0,4.670000076293945,0.07000000029802322,J/A+A/625/A68/tableb1
26,GJ 3379,90.0146,2.70655,dM4.0,3284.0,5.099999904632568,-0.11999999731779099,J/A+A/625/A68/tableb1
27,Gl 526,206.4324,14.89152,dM1.5,3678.0,4.789999961853027,-0.03999999910593033,J/A+A/625/A68/tableb1
28,G 021-013,276.02161811,1.68781835,M2.0V,3514.0,4.929999828338623,-0.10999999940395355,J/A+A/615/A6/tablea1
29,V1428 Aql,289.23023552,5.16889968,M2.5V,3557.0,4.860000133514404,0.0,J/A+A/615/A6/tablea1
30,Gl618A,245.01461233,-37.52900234,M3.0,3455.0,4.87,-0.08,arXiv:2010.14867/Table_A1
31,GJ3649,168.16238169,18.934843100000002,M1.5,3706.0,4.76,-0.11,arXiv:2010.14867/Table_A1
32,Gl514,202.49910704,10.37716245,M1.0,3730.0,4.76,-0.14,arXiv:2010.14867/Table_A1
33,BD+25 3173,254.53687414,25.74415864,M1.0V,3734.0,4.78000020980835,-0.07999999821186066,J/A+A/615/A6/tablea1
34,Gl 606,239.97242,-8.25321,dM1.0,3625.0,4.889999866485596,-0.1899999976158142,J/A+A/625/A68/tableb1
35,tet Boo B,216.29825182,51.83141809,M2.5V,3512.0,4.920000076293945,-0.07999999821186066,J/A+A/615/A6/tablea1
36,BD+24 2733B,216.44438413,23.62047511,M0.5V,3943.0,4.650000095367432,0.1599999964237213,J/A+A/615/A6/tablea1
37,Gl433,173.86228087,-32.539967499999996,M2.0,3625.0,4.8,-0.15,arXiv:2010.14867/Table_A1
38,GJ4092,284.91086026,7.98725455,M0.5,3888.0,4.63,-0.01,arXiv:2010.14867/Table_A1
39,GJ 899,353.51389304,0.17940999,M2.5V,3553.0,4.869999885559082,0.0,J/A+A/615/A6/tablea1
40,LHS1723,75.48927544,-6.94621441,M4.0,3268.0,5.17,-0.19,arXiv:2010.14867/Table_A1
41,GJ3186,43.10427213,26.97498004,M1.0,3768.0,4.74,-0.14,arXiv:2010.14867/Table_A1
42,Ross 149,279.08013337,13.60732568,M4.0V,3301.0,5.070000171661377,-0.05000000074505806,J/A+A/615/A6/tablea1
43,Gl846,330.54281322,1.4002306,M0.0,3863.0,4.67,-0.07,arXiv:2010.14867/Table_A1
44,GJ725A,280.69460356,59.63039216,M3.0,3374.0,5.01,-0.25,arXiv:2010.14867/Table_A1
45,Gl 625,246.3526,54.3041,dM1.5,3525.0,4.96999979019165,-0.25999999046325684,J/A+A/625/A68/tableb1
46,Gl 207.1,83.43667,1.9454,dM2.5,3419.0,5.050000190734863,-0.28999999165534973,J/A+A/625/A68/tableb1
47,GJ1074,74.69162785,50.94382384,M0.5,3779.0,4.73,-0.13,arXiv:2010.14867/Table_A1
48,AN Sex,153.07361848,-3.74566496,M1.5V,3613.0,4.869999885559082,-0.11999999731779099,J/A+A/615/A6/tablea1
49,Ross 388,77.29151253,15.45914395,M3.0V,3412.0,5.010000228881836,-0.09000000357627869,J/A+A/615/A6/tablea1
50,Wolf 1051,359.63607125,7.65836797,M3.0V,3470.0,4.940000057220459,0.0,J/A+A/615/A6/tablea1
51,Gl 239,99.295,17.56481,dM0.0,3737.0,4.889999866485596,-0.41999998688697815,J/A+A/625/A68/tableb1
52,TYC 777-141-1,113.73470056,14.76495163,M3.0V,3435.0,5.0,-0.09000000357627869,J/A+A/615/A6/tablea1
53,LSPM J1015+1729,153.97474845,17.49085286,M3.5V,3392.0,5.010000228881836,-0.019999999552965164,J/A+A/615/A6/tablea1
54,Ross 46,83.71714768,13.87964228,M3.5V,3424.0,4.980000019073486,0.0,J/A+A/615/A6/tablea1
55,Gl250B,103.07517252,-5.19001086,M2.5,3566.0,4.81,-0.11,arXiv:2010.14867/Table_A1
56,G 015-002,225.33378232,5.54876089,M3.0V,3413.0,5.0,-0.03999999910593033,J/A+A/615/A6/tablea1
57,RX J0506.2+0439,76.55386,4.65755,dM4.0,3320.0,5.059999942779541,-0.03999999910593033,J/A+A/625/A68/tableb1
58,Ross 730,286.77318849,20.88803256,M2.0V,3532.0,4.949999809265137,-0.20999999344348907,J/A+A/615/A6/tablea1
59,GJ 1097,112.18933,-3.29814,dM3.0,3466.0,4.940000057220459,-0.029999999329447746,J/A+A/625/A68/tableb1
60,Gl536,210.26328412,-2.65486526,M1.5,3679.0,4.75,-0.08,arXiv:2010.14867/Table_A1
61,GJ 102,38.40489753,24.92713695,M4.0V,3293.0,5.090000152587891,-0.10999999940395355,J/A+A/615/A6/tablea1
62,LHS3746,330.622398,-37.080931,M3.5,3323.0,5.07,-0.18,arXiv:2010.14867/Table_A1
63,Gl 512A,202.08783,-2.36031,dM3.0,3482.0,4.920000076293945,0.009999999776482582,J/A+A/625/A68/tableb1
64,Gl191,77.91912216,-45.01843165,M0.0,3571.0,4.9,-0.4,arXiv:2010.14867/Table_A1
65,GJ47,15.33353776,61.36574498,M2.0,3517.0,4.89,-0.26,arXiv:2010.14867/Table_A1
66,HD 349726,286.80501616,20.87701552,M2.0V,3535.0,4.940000057220459,-0.20000000298023224,J/A+A/615/A6/tablea1
67,GJ3014,3.41130073,80.66578925,M1.5,3692.0,4.79,-0.19,arXiv:2010.14867/Table_A1
68,GJ821,317.32261457,-13.30250532,M1.5,3519.0,4.92,-0.36,arXiv:2010.14867/Table_A1
69,GJ1030,16.67296462,15.27280275,M2.0,3652.0,4.76,-0.06,arXiv:2010.14867/Table_A1
70,GJ 403,163.01768134,13.9975847,M3.5V,3372.0,5.019999980926514,-0.029999999329447746,J/A+A/615/A6/tablea1
71,GJ9492,220.58989967,66.0557903,M2.0,3504.0,4.9,-0.27,arXiv:2010.14867/Table_A1
72,HD 165222,271.28157814,-3.03132034,M1.0V,3664.0,4.869999885559082,-0.20999999344348907,J/A+A/615/A6/tablea1
73,Gl 208,84.12913,11.32787,dM0.0,4074.0,4.650000095367432,0.05000000074505806,J/A+A/625/A68/tableb1
74,HIP31293,98.43032268,-75.62998815,M3.0,3450.0,4.87,-0.07,arXiv:2010.14867/Table_A1
75,G 207-019,287.12468938,32.28100296,M3.0V,3439.0,4.96999979019165,-0.03999999910593033,J/A+A/615/A6/tablea1
76,G108-21,100.54664101,3.58128508,M3.5,3421.0,4.85,0.09,arXiv:2010.14867/Table_A1
77,GJ21,6.71959178,70.14242169,M0.5,3762.0,4.73,-0.11,arXiv:2010.14867/Table_A1
78,L707-74,20.82511943,-12.93968245,M3.0,3418.0,4.96,-0.23,arXiv:2010.14867/Table_A1
79,RX J0447.2+2038,71.80104,20.63633,dM5.0,3146.0,5.119999885559082,0.05999999865889549,J/A+A/625/A68/tableb1
80,LP993-115,41.29469053,-43.74223146,M3.5,3359.0,4.87,0.26,arXiv:2010.14867/Table_A1
81,GJ1256,310.14109545,15.49964693,M4.0,3351.0,4.97,-0.02,arXiv:2010.14867/Table_A1
82,2M J21471744-0444406,326.61479166666663,-4.819055555555555,M4.5V,3273.0,5.099999904632568,-0.10999999940395355,J/A+A/615/A6/tablea1
83,GJ740,284.50056755,5.90812184,M0.5,3840.0,4.7,-0.13,arXiv:2010.14867/Table_A1
84,Gl 212,85.37804,53.4898,dM1.0,3875.0,4.690000057220459,0.07999999821186066,J/A+A/625/A68/tableb1
85,Gl 507.1,199.91719,33.34653,dM1.5,3812.0,4.670000076293945,0.18000000715255737,J/A+A/625/A68/tableb1
86,GJ27.1,9.99510138,-44.25321734,M1.0,3750.0,4.73,-0.09,arXiv:2010.14867/Table_A1
87,Gl438,175.83258192,-51.84053574,M1.0,3645.0,4.82,-0.25,arXiv:2010.14867/Table_A1
88,GJ 3452,113.84116327,54.84971449,M2.0V,3526.0,4.929999828338623,-0.14000000059604645,J/A+A/615/A6/tablea1
89,Wolf 636,256.30741539,-5.09423583,M1.5V,3631.0,4.820000171661377,-0.009999999776482582,J/A+A/615/A6/tablea1
90,HIP 60093,184.85038,28.38237,M0.5Ve,3993.0,4.670000076293945,0.46000000834465027,J/ApJ/836/77/table6
91,GJ1057,48.34548968,4.77481772,M4.0,3394.0,4.94,-0.09,arXiv:2010.14867/Table_A1
92,Wolf 294,103.70399048,33.26817738,M3.0V,3450.0,4.960000038146973,-0.019999999552965164,J/A+A/615/A6/tablea1
93,rho Cnc B,133.17026145,28.31634023,M4.5V,3307.0,5.03000020980835,0.12999999523162842,J/A+A/615/A6/tablea1
94,Gl 763,293.666,4.58251,sdM0.0,4062.0,4.690000057220459,-0.17000000178813934,J/A+A/625/A68/tableb1
95,BD+16 502A,55.74258333333333,16.620722222222224,M0.0V,4034.0,4.639999866485596,0.11999999731779099,J/A+A/615/A6/tablea1
96,HIP 57548,176.93499,0.80455,dM4,3192.0,5.079999923706055,-0.019999999552965164,J/ApJ/836/77/table6
97,BD+35 2439,200.24186499,34.27894408,M1.0V,3732.0,4.760000228881836,-0.009999999776482582,J/A+A/615/A6/tablea1
98,GJ 3892,227.3983,3.16682,dM3.0,3492.0,4.920000076293945,-0.009999999776482582,J/A+A/625/A68/tableb1
99,G 204-039,269.46235927,46.58864594,M2.5V,3459.0,4.940000057220459,0.0,J/A+A/615/A6/tablea1
100,GJ 1270,337.45411,41.48016,dM4.0,3317.0,5.03000020980835,0.10000000149011612,J/A+A/625/A68/tableb1
101,BD+10 1857C,130.50220833333333,9.608138888888888,M2.5V,3505.0,4.909999847412109,-0.009999999776482582,J/A+A/615/A6/tablea1
102,LP 092-048,153.14491179,57.06360764,M3.5V,3408.0,4.989999771118164,-0.009999999776482582,J/A+A/615/A6/tablea1
103,BD+08 4887,338.25927632,9.37797741,M1.0V,3660.0,4.869999885559082,-0.2199999988079071,J/A+A/615/A6/tablea1
104,LP 670-017,158.75466,-9.41072,dM3.0,3469.0,4.940000057220459,-0.019999999552965164,J/A+A/625/A68/tableb1
105,GJ 1292,359.43394759,23.30461327,M3.5V,3419.0,4.980000019073486,0.0,J/A+A/615/A6/tablea1
106,Gl 493.1,195.13967,5.68556,dM4.5,3192.0,5.130000114440918,-0.03999999910593033,J/A+A/625/A68/tableb1
107,NLTT4188,19.0422132,60.153563500000004,M0.5,3810.0,4.7,-0.06,arXiv:2010.14867/Table_A1
108,BX Cet,39.06361119,6.87164564,M4.0V,3326.0,5.03000020980835,0.03999999910593033,J/A+A/615/A6/tablea1
109,G 029-019,349.39394584,6.39124231,M3.0V,3481.0,4.929999828338623,-0.009999999776482582,J/A+A/615/A6/tablea1
110,LP 672-042,172.67427,-8.09527,dM3.5,3422.0,4.980000019073486,-0.009999999776482582,J/A+A/625/A68/tableb1
111,GL 908,357.30219,2.40122,dM1,3646.0,4.829999923706055,-0.44999998807907104,J/ApJ/836/77/table6
112,GJ 609,240.71226833,20.58917507,M4.0V,3310.0,5.050000190734863,0.019999999552965164,J/A+A/615/A6/tablea1
113,HD 36395,82.86414936,-3.67722821,M1.5V,3894.0,4.639999866485596,0.25,J/A+A/615/A6/tablea1
114,1RXS J050156.7+010845,75.48608,1.14525,dM4.0,3225.0,5.130000114440918,-0.15000000596046448,J/A+A/625/A68/tableb1
115,HD 111631,192.68153,-0.76813,M0V,3989.0,4.659999847412109,0.23999999463558197,J/ApJ/836/77/table6
116,GJ 1105,119.55292,41.3037,dM3.5,3367.0,5.019999980926514,-0.009999999776482582,J/A+A/625/A68/tableb1
117,Ross 364,44.14343631,55.43724978,M1.0V,3891.0,4.659999847412109,0.1899999976158142,J/A+A/615/A6/tablea1
118,Ross 59,88.30865,24.2586395,M1.5V,3755.0,4.710000038146973,0.10999999940395355,J/A+A/615/A6/tablea1
119,GJ 1125,142.68577104,0.32266669,M3.5V,3413.0,4.989999771118164,-0.009999999776482582,J/A+A/615/A6/tablea1
120,BD+10 1857AB,130.47020833333332,9.611694444444444,M0.0V,4024.0,4.639999866485596,0.14000000059604645,J/A+A/615/A6/tablea1
121,GJ 452,178.3170475,-7.37434756,M2.5V,3555.0,4.869999885559082,0.0,J/A+A/615/A6/tablea1
122,Gl 450,177.78057,35.27201,dM1.5,3645.0,4.869999885559082,-0.17000000178813934,J/A+A/625/A68/tableb1
123,GJ 2128,259.17075,8.05839,dM2.0,3543.0,4.909999847412109,-0.10000000149011612,J/A+A/625/A68/tableb1
124,Gl 436,175.54622,26.70657,dM2.5,3505.0,4.909999847412109,-0.03999999910593033,J/A+A/625/A68/tableb1
125,2MASS J07471385+5020386,116.80778,50.34403,dM4.0,3312.0,5.079999923706055,-0.11999999731779099,J/A+A/625/A68/tableb1
126,2MASS J04425586+2128230,70.73276,21.47304,dM3.5,3437.0,4.96999979019165,-0.029999999329447746,J/A+A/625/A68/tableb1
127,Gl 181,74.71073,49.84929,dM0.0,4022.0,4.650000095367432,0.09000000357627869,J/A+A/625/A68/tableb1
128,RX J0916.1+0153,139.04242,1.88579,dM4.0,3306.0,5.079999923706055,-0.10000000149011612,J/A+A/625/A68/tableb1
129,Gl 912,358.91576,-6.1426,dM2.5,3694.0,4.710000038146973,0.18000000715255737,J/A+A/625/A68/tableb1
130,LHS3583,311.65444701,-81.72045721,M3.0,3436.0,4.93,-0.19,arXiv:2010.14867/Table_A1
131,Gl 408,165.01774,22.83296,dM2.5,3499.0,4.940000057220459,-0.10999999940395355,J/A+A/625/A68/tableb1
132,GJ884,345.06717699,-22.52434762,M0.0,3832.0,4.66,0.14000000059604645,arXiv:2010.14867/Table_A1
133,LHS337,189.70457636,-38.38157547,M4.0,3257.0,5.08,-0.31,arXiv:2010.14867/Table_A1
134,Gl 104,38.97211,20.21988,dM2.0,3585.0,4.889999866485596,-0.12999999523162842,J/A+A/625/A68/tableb1
135,Ross 130,217.3737389,15.53263853,M2.0V,3633.0,4.809999942779541,0.0,J/A+A/615/A6/tablea1
136,BD+24 2733A,216.25337499999998,23.68352777777778,M0.0V,4021.0,4.630000114440918,0.18000000715255737,J/A+A/615/A6/tablea1
137,GL 338B,138.60283,52.68637,M0V,3867.0,4.710000038146973,-0.15000000596046448,J/ApJ/836/77/table6
138,HIP 8051,25.83408,4.32166,M2V,3458.0,4.809999942779541,-0.12999999523162842,J/ApJ/836/77/table6
139,G 080-021,56.84725,-1.97221,dM3.0,3411.0,5.03000020980835,-0.17000000178813934,J/A+A/625/A68/tableb1
140,Gl 378,150.59063,48.0888,dM1.0,3785.0,4.71999979019165,0.05000000074505806,J/A+A/625/A68/tableb1
141,GJ 1006B,4.0673,19.86402,dM4.0,3323.0,5.03000020980835,0.07999999821186066,J/A+A/625/A68/tableb1
142,GJ184,75.84958921,53.12846884,M0.5,3744.0,4.74,-0.1,arXiv:2010.14867/Table_A1
143,GJ 4333,350.40603,17.29039,dM4.0,3364.0,5.0,0.10000000149011612,J/A+A/625/A68/tableb1
144,Gl 281,114.84599,2.18367,dM0.0,4014.0,4.659999847412109,0.07000000029802322,J/A+A/625/A68/tableb1
145,G 205-028,277.99322952,40.68639083,M3.5V,3423.0,4.989999771118164,-0.05000000074505806,J/A+A/615/A6/tablea1
146,Gl678.1A,262.59470082,5.54851772,M0.0,3831.0,4.7,-0.11,arXiv:2010.14867/Table_A1
147,GJ 4205,323.70975,51.53711,dM3.0,3497.0,4.909999847412109,0.0,J/A+A/625/A68/tableb1
148,Gl 169,67.25052,21.9227,dM0.5,4199.0,4.590000152587891,0.23000000417232513,J/A+A/625/A68/tableb1
149,TYC2703-706-1,319.64065428,30.24295005,M0.5,3822.0,4.61,0.17,arXiv:2010.14867/Table_A1
150,Ross 992,213.82074991,45.01480014,M3.0V,3456.0,4.940000057220459,0.0,J/A+A/615/A6/tablea1
151,GX And,4.59535403,44.0229548,M1.0V,3606.0,4.929999828338623,-0.27000001072883606,J/A+A/615/A6/tablea1
152,BD-02 2198,114.02949937,-3.11077538,M1.0V,3891.0,4.690000057220459,0.05000000074505806,J/A+A/615/A6/tablea1
153,Gl12,3.95517662,13.55619956,M3.0,3387.0,5.01,-0.29,arXiv:2010.14867/Table_A1
154,GJ 9773,333.14977,8.55322,dM3.0,3501.0,4.920000076293945,-0.03999999910593033,J/A+A/625/A68/tableb1
155,Gl588,233.05388594,-41.27559211,M3.0,3525.0,4.76,0.1,arXiv:2010.14867/Table_A1
156,GJ 4276,336.32111,59.41384,dM4.0,3387.0,4.96999979019165,0.11999999731779099,J/A+A/625/A68/tableb1
157,HIP 109388,332.4181,-4.64074,M3.5V,3530.0,4.78000020980835,0.3700000047683716,J/ApJ/836/77/table6
158,G 066-037,223.11889468,12.39244424,M2.0V,3560.0,4.880000114440918,-0.05000000074505806,J/A+A/615/A6/tablea1
159,2M J21054537+5015435,316.3085416666666,50.19777777777777,M3.5V,3543.0,4.829999923706055,0.14000000059604645,J/A+A/615/A6/tablea1
160,GJ390,156.29515456,-10.22869154,M1.5,3713.0,4.74,-0.06,arXiv:2010.14867/Table_A1
161,HIP 46769,142.98472,36.32023,M1V,3692.0,4.739999771118164,-0.20000000298023224,J/ApJ/836/77/table6
162,EE Leo,162.71679683,6.80812877,M4.0V,3335.0,5.03000020980835,0.029999999329447746,J/A+A/615/A6/tablea1
163,GJ 3378,90.29602,59.59719,dM3.5,3357.0,5.03000020980835,-0.009999999776482582,J/A+A/625/A68/tableb1
164,Wolf 906,315.49433743,-6.31874361,M2.5V,3521.0,4.900000095367432,-0.05000000074505806,J/A+A/615/A6/tablea1
165,Gl680,263.80673612,-48.68086779,M2.0,3578.0,4.82,-0.15,arXiv:2010.14867/Table_A1
166,G 123-055,190.70785296,41.89642815,M4.0V,3321.0,5.070000171661377,-0.10000000149011612,J/A+A/615/A6/tablea1
167,GJ 3972,251.55726,16.478,dM2.5,3506.0,4.920000076293945,-0.05999999865889549,J/A+A/625/A68/tableb1
168,LHS1513,47.8967689,-38.78984355,M3.5,3413.0,4.98,-0.28,arXiv:2010.14867/Table_A1
169,Gl367,146.12431941,-45.77650711,M2.5,3558.0,4.8,-0.07,arXiv:2010.14867/Table_A1
170,TYC 3529-1437-1,274.35469,48.36731,dM2.0,3505.0,4.980000019073486,-0.2199999988079071,J/A+A/625/A68/tableb1
171,Gl 411,165.83414,35.96988,dM1.5,3601.0,4.869999885559082,-0.09000000357627869,J/A+A/625/A68/tableb1
172,Gl229,92.64423021,-21.86462723,M1.0,3782.0,4.71,-0.06,arXiv:2010.14867/Table_A1
173,GJ156.1,59.19749736,53.56022189,M1.5,3746.0,4.71,-0.03,arXiv:2010.14867/Table_A1
174,GL 393,157.23146,0.84101,dM2,3548.0,4.820000171661377,-0.18000000715255737,J/ApJ/836/77/table6
175,G 137-084,242.31777086,9.35209579,M3.0V,3455.0,4.980000019073486,-0.09000000357627869,J/A+A/615/A6/tablea1
176,G 204-058,274.51761164,38.77572391,M3.0V,3434.0,4.989999771118164,-0.05999999865889549,J/A+A/615/A6/tablea1
177,Gl 2,1.29537,45.78657,dM1.0,3675.0,4.840000152587891,-0.1599999964237213,J/A+A/625/A68/tableb1
178,HD 238090,183.08691517,54.48575655,M0.0V,3923.0,4.699999809265137,-0.009999999776482582,J/A+A/615/A6/tablea1
179,BD+18 2776,206.27117047,17.78543567,M1.0V,3806.0,4.849999904632568,-0.41999998688697815,J/A+A/615/A6/tablea1
180,G 173-037,31.76607,49.64541,dM3.5,3419.0,5.010000228881836,-0.11999999731779099,J/A+A/625/A68/tableb1
181,Gl388,154.90117001,19.8700039,M3.5,3427.0,4.83,0.11,arXiv:2010.14867/Table_A1
182,StKM 1-852,156.08413164,11.95573241,M2.0V,3488.0,4.949999809265137,-0.10000000149011612,J/A+A/615/A6/tablea1
183,Gl 277C,112.99049,36.21939,dM3.5,3314.0,5.070000171661377,-0.05999999865889549,J/A+A/625/A68/tableb1
184,NLTT 48567,300.27563852,0.27097942,M2.0V,3562.0,4.909999847412109,-0.12999999523162842,J/A+A/615/A6/tablea1
185,Gl166C,63.83974566,-7.65575504,M4.5,3331.0,4.96,0.11,arXiv:2010.14867/Table_A1
186,BD+11 3149,259.00265304,11.05767047,M1.0V,3801.0,4.690000057220459,0.12999999523162842,J/A+A/615/A6/tablea1
187,HD 38B,1.42084508,45.81037597,M0.0V,4055.0,4.639999866485596,0.10999999940395355,J/A+A/615/A6/tablea1
188,Gl 720A,278.82663,45.74404,dM0.5,3932.0,4.679999828338623,0.05999999865889549,J/A+A/625/A68/tableb1
189,GJ 3626,162.60839,33.10113,dM4.0,3393.0,4.989999771118164,0.07000000029802322,J/A+A/625/A68/tableb1
190,Gl 699,269.45208,4.69336,dM3.5,3273.0,5.110000133514404,-0.15000000596046448,J/A+A/625/A68/tableb1
191,LHS1731,75.83368426,-17.37353407,M3.0,3401.0,4.97,-0.22,arXiv:2010.14867/Table_A1
192,LP 427-016,138.51327,19.66827,dM3.0,3493.0,4.949999809265137,-0.10000000149011612,J/A+A/625/A68/tableb1
193,LTT 15944,304.6856655,15.8461781,M2.5V,3514.0,4.909999847412109,-0.03999999910593033,J/A+A/615/A6/tablea1
194,TYC3379-1077-1,93.67673613,47.45961124,K7.5,3921.0,4.6,-0.02,arXiv:2010.14867/Table_A1
195,NLTT53166,332.82063011,41.01523088,K7.5,3868.0,4.67,-0.1,arXiv:2010.14867/Table_A1
196,Gl 134,49.53117,38.25207,dM1.5,3861.0,4.659999847412109,0.20000000298023224,J/A+A/625/A68/tableb1
197,Gl486,191.98593722,9.75139776,M4.0,3309.0,5.03,-0.01,arXiv:2010.14867/Table_A1
198,GJ 1263A,326.66843,-0.17327,dM4.0,3352.0,5.03000020980835,0.019999999552965164,J/A+A/625/A68/tableb1
199,BD+02 2098,133.78175803,1.54650458,M0.0V,4091.0,4.610000133514404,0.25,J/A+A/615/A6/tablea1
200,Gl1,1.35178251,-37.35736228,M2.5,3478.0,4.91,-0.26,arXiv:2010.14867/Table_A1
201,G 183-010,268.25247648,16.91760108,M3.0V,3392.0,5.019999980926514,-0.07999999821186066,J/A+A/615/A6/tablea1
202,GJ1009,5.48351984,-31.40605896,M2.0,3662.0,4.73,0.01,arXiv:2010.14867/Table_A1
203,2M J05363846+1117487,83.93754166666665,11.28738888888889,M4.0V,3333.0,5.070000171661377,-0.14000000059604645,J/A+A/615/A6/tablea1
204,LP771-96,45.46413672,-16.59333952,M3.0,3389.0,5.0,-0.25,arXiv:2010.14867/Table_A1
205,GJ150.1B,55.93853029,16.66726928,M1.0,3725.0,4.75,-0.12,arXiv:2010.14867/Table_A1
206,Gl555,218.57004817,-12.51956038,M4.0,3327.0,4.97,0.1,arXiv:2010.14867/Table_A1
207,GJ 671,259.969636,41.71380521,M2.5V,3499.0,4.929999828338623,-0.07999999821186066,J/A+A/615/A6/tablea1
208,Wolf 1056,9.74601516,30.61621869,M2.5V,3537.0,4.889999866485596,-0.03999999910593033,J/A+A/615/A6/tablea1
209,2MASS J05363846+1117487,84.16026,11.29688,dM4.0,3315.0,5.079999923706055,-0.14000000059604645,J/A+A/625/A68/tableb1
210,GJ 476,188.75293947,9.82849085,M2.5V,3578.0,4.849999904632568,0.0,J/A+A/615/A6/tablea1
211,HD 285968,70.73239717,18.9581651,M2.0V,3582.0,4.880000114440918,-0.07999999821186066,J/A+A/615/A6/tablea1
212,GL 694,265.98318,43.37861,M2V,3464.0,4.789999961853027,0.0,J/ApJ/836/77/table6
213,Ross 1015,205.6802884,33.29009031,M3.5V,3359.0,5.03000020980835,-0.009999999776482582,J/A+A/615/A6/tablea1
214,Gl 299,122.98983,8.77305,dM4.5,3200.0,5.150000095367432,-0.17000000178813934,J/A+A/625/A68/tableb1
215,Gl 338A,138.5949,52.68661,dM0.0,4024.0,4.679999828338623,-0.05000000074505806,J/A+A/625/A68/tableb1
216,Gl54.1,18.12765323,-16.99898925,M4.0,3295.0,5.14,-0.24,arXiv:2010.14867/Table_A1
217,LSPM J0422+1031,65.63328239,10.5218882,M3.5V,3438.0,4.960000038146973,0.0,J/A+A/615/A6/tablea1
218,Gl 83.1,30.05398,13.05195,dM3.5,3193.0,5.150000095367432,-0.1899999976158142,J/A+A/625/A68/tableb1
219,Wolf 398,172.23441015,10.17756975,M3.5V,3364.0,5.019999980926514,0.0,J/A+A/615/A6/tablea1
220,GJ 1203,248.18829745,12.61277715,M3.0V,3486.0,4.920000076293945,0.0,J/A+A/615/A6/tablea1
221,NLTT21156,138.3493727,68.87519559999998,M2.0,3623.0,4.76,-0.04,arXiv:2010.14867/Table_A1
222,Ross 41,82.00063083,9.64393185,M3.5V,3362.0,5.03000020980835,-0.029999999329447746,J/A+A/615/A6/tablea1
223,Ross 686,135.20218505,5.24485096,M3.0V,3424.0,4.96999979019165,0.05000000074505806,J/A+A/615/A6/tablea1
224,HD 97101B,167.76057319,30.44481032,M2.0V,3753.0,4.699999809265137,0.14000000059604645,J/A+A/615/A6/tablea1
225,GJ731,282.96326506,16.58328191,M0.0,3845.0,4.71,-0.16,arXiv:2010.14867/Table_A1
226,TYC 371-1053-1,243.01936084,3.30576067,M2.0V,3592.0,4.909999847412109,-0.18000000715255737,J/A+A/615/A6/tablea1
227,Gl 643,253.85509,-8.32258,dM3.5,3345.0,5.039999961853027,-0.05000000074505806,J/A+A/625/A68/tableb1
228,LP 605-037,128.60785751,-1.14432063,M3.5V,3371.0,5.019999980926514,-0.029999999329447746,J/A+A/615/A6/tablea1
229,GJ 1253,306.52209,58.57297,dM5.0,3189.0,5.110000133514404,0.05000000074505806,J/A+A/625/A68/tableb1
230,HIP 91699,280.49598,31.83049,M2V,3400.0,4.809999942779541,-0.1599999964237213,J/ApJ/836/77/table6
231,LP 560-027,217.08966345,5.31702783,M3.0V,3455.0,4.960000038146973,-0.029999999329447746,J/A+A/615/A6/tablea1
232,LHS1481,44.54261892,-12.88500004,M2.5,3393.0,5.03,-0.37,arXiv:2010.14867/Table_A1
233,NLTT 11633,55.7583868,45.9050142,M4.0V,3338.0,5.079999923706055,-0.20000000298023224,J/A+A/615/A6/tablea1
234,HIP 97051,295.85557,10.08951,M0,4200.0,4.699999809265137,-0.1899999976158142,J/ApJ/836/77/table6
235,GJ 1134,160.40782,37.61088,dM4.5,3272.0,5.070000171661377,0.07000000029802322,J/A+A/625/A68/tableb1
236,Gl682,264.26527385,-44.3192136,M4.0,3349.0,4.95,0.05,arXiv:2010.14867/Table_A1
237,Gl 875.1,342.97306,31.75422,dM3.0,3404.0,5.019999980926514,-0.11999999731779099,J/A+A/625/A68/tableb1
238,Ross 136,275.52781785,6.34377281,M4.0V,3405.0,5.0,0.0,J/A+A/615/A6/tablea1
239,HD 232979,69.42054,52.89361,M0.5V,3929.0,4.679999828338623,-0.10999999940395355,J/ApJ/836/77/table6
240,GJ 1207,254.2739,-4.34898,dM3.5,3284.0,5.090000152587891,-0.10000000149011612,J/A+A/625/A68/tableb1
241,GJ15B,4.60760187,44.02724757,M3.0,3386.0,5.06,-0.43,arXiv:2010.14867/Table_A1
242,GL 273,111.85208,5.22579,M3.5V,3317.0,4.889999866485596,-0.10999999940395355,J/ApJ/836/77/table6
243,NLTT10614,50.1883965,39.71707620000001,M1.0,3719.0,4.75,-0.11,arXiv:2010.14867/Table_A1
244,GJ2066,124.03325599,1.30257423,M2.0,3559.0,4.81,-0.1,arXiv:2010.14867/Table_A1
245,GJ9689,303.46586361,13.38880949,M0.5,3836.0,4.69,-0.1,arXiv:2010.14867/Table_A1
246,RX J0202.4+1034,30.61768333,10.58151944,M4.5V,3254.0,5.119999885559082,-0.17000000178813934,J/A+A/615/A6/tablea1
247,GJ 9520,230.47055,20.97775,dM1.5,3486.0,5.019999980926514,-0.3400000035762787,J/A+A/625/A68/tableb1
248,Gl 548A,216.43115,23.61708,dM0.0,4024.0,4.639999866485596,0.17000000178813934,J/A+A/625/A68/tableb1
249,Gl 905,355.47932,44.17745,dM5.0,3142.0,5.130000114440918,0.019999999552965164,J/A+A/625/A68/tableb1
250,Ross 1041,223.61628081,35.54916708,M3.5V,3375.0,5.0,0.029999999329447746,J/A+A/615/A6/tablea1
251,Wolf 1457,84.00032664,-7.64956443,M4.0V,3365.0,5.010000228881836,0.009999999776482582,J/A+A/615/A6/tablea1
252,Gl 513,202.3388,11.44074,dM3.5,3449.0,4.929999828338623,0.09000000357627869,J/A+A/625/A68/tableb1
253,Gl 851,332.87539,18.42619,dM2.0,3550.0,4.929999828338623,-0.12999999523162842,J/A+A/625/A68/tableb1
254,HIP 40910,125.23054,14.07133,M0V,4159.0,4.670000076293945,-0.05999999865889549,J/ApJ/836/77/table6
255,G 141-057,285.80668385,3.40075702,M3.0V,3473.0,4.949999809265137,-0.07000000029802322,J/A+A/615/A6/tablea1
256,Gl465,186.21876081,-18.24229164,M2.5,3408.0,4.97,-0.25,arXiv:2010.14867/Table_A1
257,GJ 1222,268.57135,7.37911,dM4.0,3322.0,5.019999980926514,0.11999999731779099,J/A+A/625/A68/tableb1
258,GJ 1012,7.16444,-6.66366,dM4.0,3398.0,4.980000019073486,0.07000000029802322,J/A+A/625/A68/tableb1
259,Barnards Star,269.25066666666663,4.743777777777778,M3.5V,3278.0,5.099999904632568,-0.11999999731779099,J/A+A/615/A6/tablea1
260,NLTT 19893,129.28315894,15.12931271,M2.5V,3489.0,4.920000076293945,0.0,J/A+A/615/A6/tablea1
261,GJ 3988,255.84951,51.40635,dM4.5,3243.0,5.079999923706055,0.05000000074505806,J/A+A/625/A68/tableb1
262,Gl357,144.00682188,-21.66079952,M2.5,3461.0,4.89,-0.14,arXiv:2010.14867/Table_A1
263,GJ173,69.42444106,-11.03888064,M2.0,3610.0,4.8,-0.15,arXiv:2010.14867/Table_A1
264,GJ1236,290.50862757,7.04175395,M3.0,3373.0,5.06,-0.37,arXiv:2010.14867/Table_A1
265,BD-07 3856,217.69882094,-8.64633018,M0.5V,4084.0,4.630000114440918,0.12999999523162842,J/A+A/615/A6/tablea1
266,GL 875,342.58093,-7.0901,M0.5V,3740.0,4.699999809265137,0.019999999552965164,J/ApJ/836/77/table6
267,GJ 3423,105.84654,34.69761,dM4.0,3298.0,5.090000152587891,-0.11999999731779099,J/A+A/625/A68/tableb1
268,GJ 3685A,176.91978,0.25558,dM4.0,3256.0,5.099999904632568,-0.10000000149011612,J/A+A/625/A68/tableb1
269,GJ793,307.63352294,65.44955836,M3.0,3458.0,4.9,-0.18,arXiv:2010.14867/Table_A1
270,Gl551,217.42893801,-62.67949189,M4.5,3306.0,5.05,-0.04,arXiv:2010.14867/Table_A1
271,LP 549-023,152.18584996,2.73244067,M3.0V,3486.0,4.900000095367432,0.05999999865889549,J/A+A/615/A6/tablea1
272,StKM1-650,112.90060622,62.01986787,M0.0,3897.0,4.65,-0.1,arXiv:2010.14867/Table_A1
273,GJ 4109,291.28535,28.35383,dM3.0,3403.0,5.0,-0.019999999552965164,J/A+A/625/A68/tableb1
274,GJ 4247,330.30468,28.30692,dM4.0,3267.0,5.119999885559082,-0.1899999976158142,J/A+A/625/A68/tableb1
275,Gl 471,187.81584,8.81061,dM0.5,3914.0,4.710000038146973,-0.07000000029802322,J/A+A/625/A68/tableb1
276,2MASS J22353504+3712131,338.89597050000003,37.20364307,K7.5,3895.0,4.67,-0.16,arXiv:2010.14867/Table_A1
277,GJ725B,280.69539257,59.62686753,M3.5,3291.0,5.15,-0.27,arXiv:2010.14867/Table_A1
278,GJ 1151,177.74051,48.37738,dM4.5,3221.0,5.110000133514404,-0.05000000074505806,J/A+A/625/A68/tableb1
279,GJ 1119,135.13532,46.58642,dM4.5,3228.0,5.099999904632568,-0.019999999552965164,J/A+A/625/A68/tableb1
280,Gl300,123.17036959,-21.55193955,M4.0,3315.0,5.0,0.06,arXiv:2010.14867/Table_A1
281,GJ685,263.89366081,61.68156294,M0.5,3813.0,4.71,-0.12,arXiv:2010.14867/Table_A1
282,GJ3822,210.58177101,13.68963533,M0.5,3832.0,4.7,-0.12,arXiv:2010.14867/Table_A1
283,Gl479,189.46756523,-52.00147818,M3.0,3496.0,4.8,0.03,arXiv:2010.14867/Table_A1
284,BD+47 2415B,254.47339276,47.36734393,M1.5V,4300.0,4.679999828338623,-0.4300000071525574,J/A+A/615/A6/tablea1
285,Luytens Star,111.64216666666665,5.241555555555555,M3.5V,3358.0,5.010000228881836,0.03999999910593033,J/A+A/615/A6/tablea1
286,LSPM J0754+0832,118.6421756,8.5403342,M2.5V,3483.0,4.960000038146973,-0.12999999523162842,J/A+A/615/A6/tablea1
287,Gl 179,73.02388,6.47655,dM3.5,3393.0,5.0,0.009999999776482582,J/A+A/625/A68/tableb1
288,GJ687,264.10791321,68.33914004,M3.5,3390.0,4.93,-0.06,arXiv:2010.14867/Table_A1
289,RX J1417.3+4525,214.34209,45.42944,dM5.0,3196.0,5.130000114440918,-0.10000000149011612,J/A+A/625/A68/tableb1
290,G 005-032,50.84341024,11.68704491,M2.5V,3412.0,5.019999980926514,-0.10999999940395355,J/A+A/615/A6/tablea1
291,NLTT 20817,135.58285031,8.46848325,M2.5V,3507.0,4.900000095367432,0.0,J/A+A/615/A6/tablea1
292,Gl832,323.39156247,-49.00900096,M2.0,3584.0,4.8,-0.11,arXiv:2010.14867/Table_A1
293,Wolf 230,76.95541786,17.98268322,M3.0V,3432.0,5.019999980926514,-0.20000000298023224,J/A+A/615/A6/tablea1
294,G 172-030,14.26122,45.08605,dM3.0,3426.0,4.989999771118164,-0.05999999865889549,J/A+A/625/A68/tableb1
295,2M J04425586+2128230,70.494875,21.444027777777777,M3.5V,3424.0,4.980000019073486,0.0,J/A+A/615/A6/tablea1
296,GJ9793,340.39589655,18.82425987,M0.0,3892.0,4.63,-0.03,arXiv:2010.14867/Table_A1
297,Gl674,262.16643983,-46.89519257,M2.5,3462.0,4.89,-0.16,arXiv:2010.14867/Table_A1
298,GJ 1156,184.7475,11.12605,dM5.0,3115.0,5.150000095367432,-0.019999999552965164,J/A+A/625/A68/tableb1
299,Gl 480,189.7185,11.69615,dM3.0,3439.0,4.960000038146973,0.0,J/A+A/625/A68/tableb1
300,GJ272,110.81206302,46.08741262,M1.0,3773.0,4.73,-0.12,arXiv:2010.14867/Table_A1
301,GJ570B,224.3605554,-21.4115494,M1.0,3754.0,4.67,0.08,arXiv:2010.14867/Table_A1
302,GJ 3380,90.62164,49.8656,dM5.0,3145.0,5.150000095367432,-0.05999999865889549,J/A+A/625/A68/tableb1
303,2M J08292191+0355092,127.13095833333331,3.9728055555555555,M2.5V,3575.0,4.880000114440918,-0.07000000029802322,J/A+A/615/A6/tablea1
304,Gl406,164.1201092,7.014539999999999,M4.0,3419.0,4.8,0.23,arXiv:2010.14867/Table_A1
305,LSPM J2116+0234,319.11368,2.58094,dM3.0,3485.0,4.940000057220459,-0.07999999821186066,J/A+A/625/A68/tableb1
306,Gl729,282.4556825,-23.8362371,M3.5,3364.0,4.93,0.05,arXiv:2010.14867/Table_A1
307,GJ 1243,297.78884,46.48339,dM4.0,3278.0,5.099999904632568,-0.10999999940395355,J/A+A/625/A68/tableb1
308,NLTT52021,326.22496611,44.28580717,M2.0,3687.0,4.77,-0.12,arXiv:2010.14867/Table_A1
309,GJ3997,258.9588125,19.000020000000003,M0.0,3761.0,4.78,-0.25,arXiv:2010.14867/Table_A1
310,Gl 232,96.17202,23.43304,dM4.0,3237.0,5.110000133514404,-0.07000000029802322,J/A+A/625/A68/tableb1
311,GJ49,15.66194997,62.34504801,M1.5,3711.0,4.73,-0.03,arXiv:2010.14867/Table_A1
312,Gl480.1,190.19287309999999,-43.56638799,M3.0,3353.0,5.06,-0.3,arXiv:2010.14867/Table_A1
313,GJ3117,27.9630518,64.43497836,M2.5,3566.0,4.79,-0.06,arXiv:2010.14867/Table_A1
314,HIP31292,98.44485327,-75.62497263,M3.0,3450.0,4.87,-0.07,arXiv:2010.14867/Table_A1
315,Gl 363,145.59663,55.98369,dM3.5,3399.0,4.980000019073486,0.07999999821186066,J/A+A/625/A68/tableb1
316,GJ 1013,7.89755113,-5.87029999,M3.5V,3392.0,5.010000228881836,-0.019999999552965164,J/A+A/615/A6/tablea1
317,G 035-032,32.92069509,18.5605485,M3.0V,3428.0,4.96999979019165,0.0,J/A+A/615/A6/tablea1
318,Gl876,343.31971796,-14.26369539,M4.0,3356.0,4.93,0.07,arXiv:2010.14867/Table_A1
319,GJ4196,321.88731941,34.02462235,M1.0,3666.0,4.71,0.07,arXiv:2010.14867/Table_A1
320,Gl413.1,167.38060422,-24.59864394,M2.0,3574.0,4.8,-0.1,arXiv:2010.14867/Table_A1
321,GJ1265,333.42859507,-17.68574347,M4.0,3346.0,5.04,-0.2,arXiv:2010.14867/Table_A1
322,GJ 3779,200.73645,24.46767,dM4.0,3324.0,5.050000190734863,0.0,J/A+A/625/A68/tableb1
323,TYC3720-426-1,55.40532116,55.21856372,M0.0,3813.0,4.63,0.12,arXiv:2010.14867/Table_A1
324,2MASS J08292191+0355092,127.3413,3.91926,dM2.5,3585.0,4.880000114440918,-0.07999999821186066,J/A+A/625/A68/tableb1
325,Ross 687,135.20969018,5.24154573,M3.5V,3457.0,4.940000057220459,0.019999999552965164,J/A+A/615/A6/tablea1
326,GJ 4367,357.63184,-9.55907,dM4.0,3347.0,5.019999980926514,0.05000000074505806,J/A+A/625/A68/tableb1
327,2M J05050591+4414037,75.98612499999999,44.21288888888889,M5.0V,3285.0,5.099999904632568,-0.11999999731779099,J/A+A/615/A6/tablea1
328,GJ 1232,287.46197,17.66845,dM4.5,3259.0,5.079999923706055,0.019999999552965164,J/A+A/625/A68/tableb1
329,Gl 873,341.70721,44.33399,dM3.5,3291.0,5.110000133514404,-0.1899999976158142,J/A+A/625/A68/tableb1
330,LP 229-017,278.65271633,40.12399496,M3.5V,3392.0,4.980000019073486,0.09000000357627869,J/A+A/615/A6/tablea1
331,LTT9759,358.45880433,-75.63253308,M2.5,3578.0,4.73,0.11,arXiv:2010.14867/Table_A1
332,G 150-046,208.1509068,14.4222895,M2.0V,3670.0,4.739999771118164,0.12999999523162842,J/A+A/615/A6/tablea1
333,GJ694.2,266.389694,46.8553622,M0.5,3848.0,4.72,-0.19,arXiv:2010.14867/Table_A1
334,LP 522-065,350.85297688,15.57129596,M2.0V,3635.0,4.809999942779541,0.0,J/A+A/615/A6/tablea1
335,TYC743-1836-1,94.87290514,13.95082423,M0.0,3909.0,4.64,-0.09,arXiv:2010.14867/Table_A1
336,GJ553.1,217.75483545,-12.29609669,M3.5,3352.0,4.99,-0.08,arXiv:2010.14867/Table_A1
337,GJ 1235,290.41124529,20.86757504,M4.5V,3249.0,5.090000152587891,0.019999999552965164,J/A+A/615/A6/tablea1
338,Gl754,290.19993123,-45.55823034,M4.0,3263.0,5.17,-0.16,arXiv:2010.14867/Table_A1
339,G 071-024,24.62475569,0.65158919,M2.0V,3644.0,4.800000190734863,0.009999999776482582,J/A+A/615/A6/tablea1
340,GJ180,73.45824968,-17.77341923,M2.0,3536.0,4.84,-0.17,arXiv:2010.14867/Table_A1
341,LSPM J0840+3127,130.0666,31.45189,dM3.5,3393.0,5.010000228881836,-0.009999999776482582,J/A+A/625/A68/tableb1
342,STN 2051A,67.46754166666666,58.933749999999996,M4.0V,3325.0,5.03000020980835,0.05000000074505806,J/A+A/615/A6/tablea1
343,G 077-046,50.44551305,-6.67339371,M2.0V,3552.0,4.909999847412109,-0.12999999523162842,J/A+A/615/A6/tablea1
344,GJ 1223,270.69277,37.51749,dM5.0,3163.0,5.119999885559082,0.029999999329447746,J/A+A/625/A68/tableb1
345,DS Leo,165.65975803,21.96714013,M1.0V,3896.0,4.690000057220459,0.03999999910593033,J/A+A/615/A6/tablea1
346,LSPM J2146+3813,326.59197,38.21805,dM4.0,3307.0,5.059999942779541,-0.029999999329447746,J/A+A/625/A68/tableb1
347,LP 570-092,277.81687492,6.83610226,M1.0V,3804.0,4.710000038146973,0.05999999865889549,J/A+A/615/A6/tablea1
348,HD 23453,56.58391631,26.21550608,M0.0V,3997.0,4.650000095367432,0.10999999940395355,J/A+A/615/A6/tablea1
349,1RXS J221124.3+410000,332.85069,40.99964,dM5.5,3125.0,5.150000095367432,-0.009999999776482582,J/A+A/625/A68/tableb1
350,BD+44 2051A,166.11741666666663,43.6175,M1.0V,3636.0,4.909999847412109,-0.28999999165534973,J/A+A/615/A6/tablea1
351,LHS1935,114.67066818,-21.22457721,M3.0,3403.0,4.96,-0.19,arXiv:2010.14867/Table_A1
352,GJ667C,259.74511327,-34.99683693,M1.0,3693.0,4.7,0.06,arXiv:2010.14867/Table_A1
353,NLTT 56083,347.8490818,8.5170431,M3.5V,3404.0,4.989999771118164,0.009999999776482582,J/A+A/615/A6/tablea1
354,LP 665-021,127.839997,-6.03381821,M1.5V,3802.0,4.679999828338623,0.1599999964237213,J/A+A/615/A6/tablea1
355,LP 763-001,353.36314732,-8.92955169,M3.0V,3417.0,5.0,-0.09000000357627869,J/A+A/615/A6/tablea1
356,GJ1129,146.19728162,-18.21360059,M4.0,3345.0,4.99,-0.06,arXiv:2010.14867/Table_A1
357,BD+05 2767,203.58959241,4.66739981,M0.0V,4131.0,4.599999904632568,0.23999999463558197,J/A+A/615/A6/tablea1
358,G 140-051,274.13142,4.87938,dM5.0,3226.0,5.090000152587891,0.03999999910593033,J/A+A/625/A68/tableb1
359,GJ 3817,209.55801,12.57886,dM3.0,3372.0,5.050000190734863,-0.15000000596046448,J/A+A/625/A68/tableb1
360,GJ317,130.24668984,-23.456277399999998,M3.5,3398.0,4.84,0.18,arXiv:2010.14867/Table_A1
361,GJ 4184,318.80248,25.79598,dM3.0,3675.0,4.679999828338623,0.28999999165534973,J/A+A/625/A68/tableb1
362,TYC2710-691-1,319.49613625,34.07504194,K7.5,3867.0,4.63,0.02,arXiv:2010.14867/Table_A1
363,HD 1326B,4.60624,44.02712,M3.5Ve,3218.0,5.070000171661377,-0.30000001192092896,J/ApJ/836/77/table6
364,G 177-025,197.55262,47.75519,dM5.0,3157.0,5.159999847412109,-0.15000000596046448,J/A+A/625/A68/tableb1
365,BL Lyn,112.98884662,36.22982171,M3.5V,3319.0,5.059999942779541,-0.029999999329447746,J/A+A/615/A6/tablea1
366,GJ 3564,145.98172,26.969,dM3.5,3427.0,4.980000019073486,-0.019999999552965164,J/A+A/625/A68/tableb1
367,BPM96441,318.23105432,31.13175017,M0.0,3942.0,4.58,-0.01,arXiv:2010.14867/Table_A1
368,GJ1224,271.88682397,-15.96307412,M4.0,3371.0,4.94,-0.01,arXiv:2010.14867/Table_A1
369,GJ3126,30.397252899999998,63.76999881,M3.0,3491.0,4.82,-0.02,arXiv:2010.14867/Table_A1
370,GJ 3136,32.22343,49.44901,dM3.5,3315.0,5.079999923706055,-0.10999999940395355,J/A+A/625/A68/tableb1
371,Gl628,247.57524249999997,-12.66258979,M3.5,3336.0,4.99,-0.02,arXiv:2010.14867/Table_A1
372,Gl145,53.23273791,-44.70194512,M3.0,3437.0,4.92,-0.18,arXiv:2010.14867/Table_A1
373,K2-18,172.56049,7.5884,dM2.5,3513.0,4.909999847412109,-0.029999999329447746,J/A+A/625/A68/tableb1
374,TYC1795-941-1,48.05262914,29.85900455,M0.0,3761.0,4.65,0.07000000029802322,arXiv:2010.14867/Table_A1
375,GJ16,4.56912469,10.20278852,M1.5,3679.0,4.78,-0.16,arXiv:2010.14867/Table_A1
376,GJ891,347.56560108,-25.93130674,M2.0,3575.0,4.83,-0.2,arXiv:2010.14867/Table_A1
377,TYC 2187-512-1,320.52617,22.93143,dM1.0,3705.0,4.829999923706055,-0.20000000298023224,J/A+A/625/A68/tableb1
378,GJ119B,44.146482899999995,55.44155847,M3.0,3490.0,4.81,0.03,arXiv:2010.14867/Table_A1
379,Wolf 1450,82.46675891,-3.44168571,M2.5V,3474.0,4.929999828338623,0.0,J/A+A/615/A6/tablea1
380,LHS1134,10.85834391,-41.29278537,M4.0,3304.0,5.09,-0.16,arXiv:2010.14867/Table_A1
381,GJ1002,1.67998846,-7.538062299999999,M4.0,3378.0,5.01,-0.25,arXiv:2010.14867/Table_A1
382,GJ 1148,175.43598,42.75197,dM4.0,3375.0,4.989999771118164,0.09000000357627869,J/A+A/625/A68/tableb1
383,Gl358,144.94320366,-41.0675559,M3.0,3423.0,4.84,0.1,arXiv:2010.14867/Table_A1
384,GJ911,358.69293423,-21.77451134,K7.5,3887.0,4.64,-0.04,arXiv:2010.14867/Table_A1
385,HIP 1532,4.77318,-9.96485,M0V,4039.0,4.710000038146973,-0.3700000047683716,J/ApJ/836/77/table6
386,Gl341,140.40667246,-60.281953,M0.5,3798.0,4.73,-0.16,arXiv:2010.14867/Table_A1
387,GJ1123,139.27217685,-77.82316169,M4.0,3349.0,4.94,0.07,arXiv:2010.14867/Table_A1
388,LP816-60,313.13756964,-16.97472438,M4.0,3311.0,5.04,-0.04,arXiv:2010.14867/Table_A1
389,RBS 365,42.97541,22.45832,dM4.0,3344.0,5.03000020980835,0.029999999329447746,J/A+A/625/A68/tableb1
390,GJ156,58.64777559,-6.82601476,M0.0,3864.0,4.63,0.20999999344348907,arXiv:2010.14867/Table_A1
391,Gl877,343.93963869,-75.45866806,M3.0,3434.0,4.88,-0.05,arXiv:2010.14867/Table_A1
392,GJ1068,62.61718071,-53.60226063,M3.5,3294.0,5.18,-0.37,arXiv:2010.14867/Table_A1
393,LP  465-061,9.88978191,14.90529615,M4.0V,3334.0,5.059999942779541,-0.09000000357627869,J/A+A/615/A6/tablea1
394,GJ521A,204.85042697,46.18649011,M1.5,3609.0,4.79,-0.12,arXiv:2010.14867/Table_A1
395,GJ 708.3,274.07575043,1.52426625,M3.0V,3429.0,5.0,-0.10000000149011612,J/A+A/615/A6/tablea1
396,Gl693,266.64263979,-57.31904446,M3.0,3391.0,4.97,-0.18,arXiv:2010.14867/Table_A1
397,Gl569A,223.62181644,16.10105523,M2.0,3596.0,4.77,-0.03,arXiv:2010.14867/Table_A1
398,K2-155,65.46869,21.35359,dM0.0,3940.0,4.760000228881836,-0.33000001311302185,J/A+A/625/A68/tableb1
399,Gl887,346.46681439,-35.85307188,M1.0,3712.0,4.77,-0.17,arXiv:2010.14867/Table_A1
400,2M J21124559-0719558,317.97774999999996,-7.398583333333334,M3.5V,3471.0,4.960000038146973,-0.07000000029802322,J/A+A/615/A6/tablea1
401,GJ3352,83.53609777,51.21565739,M0.5,3822.0,4.71,-0.13,arXiv:2010.14867/Table_A1
402,GJ3942,242.26308807,52.94387734,M0.0,3860.0,4.67,-0.08,arXiv:2010.14867/Table_A1
403,GJ 797B,310.18549,19.9008684,M2.5V,3475.0,4.960000038146973,-0.07000000029802322,J/A+A/615/A6/tablea1
404,GJ3708,182.79899954,-19.96057479,M3.0,3444.0,4.89,-0.11,arXiv:2010.14867/Table_A1
405,GJ3804,206.46131239,-17.96822506,M3.5,3342.0,4.98,-0.02,arXiv:2010.14867/Table_A1
406,StKM 2-809,183.91403,52.65242,dM4.0,3339.0,5.059999942779541,-0.11999999731779099,J/A+A/625/A68/tableb1
407,Gl803,311.28971821,-31.34090048,M1.0,3755.0,4.62,-0.119999997317791,arXiv:2010.14867/Table_A1
408,RX J1659.1+2058,254.790123,20.971121,M3.5V,3364.0,5.059999942779541,-0.15000000596046448,J/A+A/615/A6/tablea1
